{
  "version": 1,
  "author": "Sridhar S",
  "editor": "wokwi",
  "parts": [
    { "type": "board-esp32-devkit-c-v4", "id": "esp", "top": 0, "left": -4.76, "attrs": {} },
    { "type": "chip-npksensor", "id": "chip1", "top": 97.02, "left": 158.4, "attrs": {} },
    {
      "type": "board-ssd1306",
      "id": "oled1",
      "top": 195.14,
      "left": 269.03,
      "attrs": { "i2cAddress": "0x3c" }
    },
    { "type": "chip-moisture-sensor", "id": "chip2", "top": -8.58, "left": -177.6, "attrs": {} }
  ],
  "connections": [
    [ "esp:TX", "$serialMonitor:RX", "", [] ],
    [ "esp:RX", "$serialMonitor:TX", "", [] ],
    [ "chip1:VCC", "esp:5V", "red", [ "h-38.4", "v134.4", "h-124.95" ] ],
    [ "chip1:GND", "esp:GND.2", "black", [ "h-28.8", "v-86.4" ] ],
    [ "chip1:TX", "esp:16", "green", [ "h-28.8", "v57.6" ] ],
    [ "esp:17", "chip1:RX", "green", [ "h33.64", "v-28.8" ] ],
    [ "oled1:SCL", "esp:22", "green", [ "v-28.8", "h-210.9", "v-124.8" ] ],
    [ "oled1:SDA", "esp:21", "green", [ "v-28.8", "h0.07", "v-96" ] ],
    [ "oled1:VCC", "esp:3V3", "red", [ "v-105.6", "h0.15", "v-105.6", "h-316.95" ] ],
    [ "oled1:GND", "esp:GND.2", "black", [ "h-163.2", "v-172.8" ] ],
    [ "chip2:A0", "esp:34", "green", [ "h-9.6", "v57.6" ] ],
    [ "chip2:GND", "esp:CMD", "black", [ "h-28.8", "v192" ] ],
    [ "chip2:VCC", "esp:5V", "red", [ "h-19.2", "v201.6", "h9.6" ] ]
  ],
  "dependencies": {}
}